201301ID60037,2505114
201301ID60037,2505136
201301ID60037,2505148
201301JI40502,2536154
201301JI40502,2536199
201301JI40502,2536429
201301JI40537,2536154
201301JI40537,2536429
201301TX20496,2572315
201301TX20518,2572315
201301XH30379,2505114
201301XH30379,2505136
201301XH30379,2505148
201301XH30408,2578129
201301XH30408,2578131
201301YE80217,2115236
201301YE80220,2115236
201301YE80305,2115236
201301YE80578,2573364
201301YE80636,2573364
201301YE80671,2115236
201301YE89006,2115236
2013030000000,2358066
2013030000000,2358066
2013030000000,2358066
2013030000000,2358066
2013030000000,2358066
2013030000000,2430369
2013030000000,2358066
2013030000000,2429172
2013030000000,2580480
2013030000000,2221320
2013030000000,2562917
2013030000000,2358066
2013030000000,2358066
201304AL13136,2428424
201304BB13061,1594514
201304BB13098,1594514
201304BC13167,2428424
201304CA13190,2493021
201304CA13190,2493092
201304CA13203,2493229
201304CC13001,2061904
201304CJ13181,2503685
201304CL13179,2061932
201304DF13091,2501947
201304DF13091,2501957
201304DF13093,2501947
201304DF13093,2501957
201304DL13077,2501947
201304DL13077,2501957
201304EA13267,2063898
201304EL13165,2061879
201304FB13040,2266498
201304FL13075,1885773
201304TA13008,1594514
201304TA13117,1594514
201304TA13133,1804289
201304TA13133,2257780
201304TA13134,2063898
201304TA13136,2257780
201304TA13147,2493006
201304TA13147,2493021
201304TA13147,2493092
201304TA13147,2493113
201305AA04239,2063779
201305BB04340,2061976
201305BB04340,2529411
201305BB04384,2061976
201305BB04395,2061976
201305CC04151,2503525
201305CC04251,2503525
201305CC04251,2503544
201305CC04267,2503532
201305CC04291,2503598
201305CC04330,2503598
201305CC04339,2502110
201305CC04339,2503507
201305CC04339,2503582
201305CC04546,2503544
201305CC04651,2503507
201305CC04651,2503582
201305CC04651,2503598
201305CC04682,2503525
201305CC04682,2503544
201305DD04092,2559287
201305DD04293,2063764
201306E070055,1600938
201306E073905,630846
201306E074575,630846
201306E074855,630846
201306E074864,2509415
201306E074976,630846
201306E074976,2509415
201306E075117,2509415
201306E075739,2550443
201306E076228,2550443
201306E076499,2509415
201306E076524,2509415
201306E076747,2509415
201306E077494,2336281
201306E077494,2509415
201306E078129,2339404
201306E078174,2339404
201306E078289,2493294
201306E078289,2493300
201306E078289,2509415
201306E078416,2337702
201306E078416,2493294
201306E078416,2493300
201306E078416,2509415
201306E078786,2336281
201306E078786,2509415
201306E078818,2337702
201306E078818,2339350
201306E078879,1600938
201306E078879,2339404
201306E078986,2339404
201306E079322,1600938
201306E079565,1600938
201306E079628,2509415
201306E080058,2509415
201306EJ74217,630846
201306F073104,2419204
201306F074953,2419204
201306F075690,2419204
201306F075690,2461770
201306F075820,2419204
201306F075820,2461770
201306F076919,2419204
201306F076919,2461770
201306F076934,2339278
201306F076966,2336179
201306F076966,2419204
201306F076966,2461770
201306F076966,2339279
201306F077119,2063774
201306F077284,2063774
201306F077438,2419204
201306F077438,2461770
201306F077649,2339279
201306F077673,2339278
201306F077794,2339278
201306F077850,2339278
201306F078268,2339279
201306F078486,2339278
201306F078494,2339279
201306F078557,2339278
201306F079445,2339278
201306F079546,2461770
201306J073192,630846
201306J074619,630846
201306J076672,630846
201306J076672,2550443
201306J076828,2497523
201306J076871,2336317
201306J076871,2339309
201306J077122,2497523
201306J078101,2497523
201306J078433,2497523
201306J078520,2497523
201306J078698,2497523
201306J078794,2339309
201306J078886,2497523
201306J079129,2497523
201306J079136,2497523
201306J079209,2497523
201306J079235,2497523
201306J079574,2497523
201306K076866,2492974
201306K076866,2493082
201306K077722,2339284
201306K077808,2339284
201306K077881,2492974
201306K077881,2492995
201306K077881,2493070
201306K077881,2493082
201306K077924,2063774
201306K078806,2492974
201306K078806,2492995
201306K078806,2493070
201306K078806,2493082
201306M070077,1600938
201306M070166,1600938
201306M072032,1600938
201306M073547,2419204
201306M076821,2483349
201306M076821,2579114
201306M077035,2061927
201306M077889,2339453
201306M077889,2339458
201306M078283,2493312
201306M078548,2339453
201306M078687,1600938
201306M078687,2339418
201306M079153,1600938
201306M079329,2339453
201306M079362,1600938
201306M079554,1600938
201306M080007,1600938
201306M081103,1600938
201306N076979,2503412
201306N076979,2503422
201306N077227,2063775
201306N077395,2063775
201306N077853,2503412
201306N077853,2503422
201306N077951,2063775
201306P076289,2519567
201306P077818,2497651
201306P077818,2497670
201306P077818,2497717
201306P077818,2497733
201306P077880,2497651
201306P077880,2497670
201306P077880,2497717
201306P077880,2497733
201306P078211,2497798
201306P078556,2497651
201306P078556,2497670
201306P078556,2497717
201306P078556,2497733
201306P079800,2497605
201306P079800,2497616
201306P079800,2497778
201306P079800,2497783
201306P080201,2497635
201306P080201,2497758
201306QA77158,2336348
201306X072903,2419204
201306X073194,2419204
201306X073985,1958945
201306X074564,1958945
201306X074698,1958945
201306X075096,1600938
201306X075760,2550443
201306X075778,2550443
201306X075978,2509415
201306X076725,1958945
201306X076742,1958945
201306X076789,2339284
201306X076906,2339279
201306X076957,2063881
201306X077113,2536012
201306X077255,2339458
201306X077256,2419204
201306X077256,2461770
201306X077256,2467571
201306X077790,2339283
201306X077790,2339279
201306X077796,2339278
201306X077886,2497538
201306X077886,2519375
201306X077896,2503272
201306X077907,2497635
201306X077907,2497645
201306X077907,2497751
201306X077907,2497758
201306X078339,2339309
201306X078495,2339453
201306X078495,2339458
201306X078775,2497538
201306X078997,2461770
201306X078997,2339283
201306X079002,2497635
201306X079002,2497645
201306X079002,2497751
201306X079002,2497758
201306X079032,2339283
201306X079061,2339453
201306X079061,2339458
201306X079077,2497651
201306X079077,2497670
201306X079077,2497717
201306X079077,2497733
201306X079115,2339279
201306X079162,2497538
201306X079213,2497538
201306X079236,2497605
201306X079236,2497616
201306X079236,2497778
201306X079236,2497783
201306X079238,2497538
201306X079240,2497778
201306X079760,2497635
201306X079760,2497645
201306X079760,2497751
201306X079760,2497758
201306X079831,2461770
201306X080413,2461770
201306X080718,2497645
201306X080718,2497751
201306X080718,2497798
201306XB78740,2497538
201306XB78740,2519375
201306XC70002,1600938
201306XC78892,2336281
201306XC78892,2337702
201306XC78892,2509415
201306XJ74920,2509415
201306XJ75558,2509415
201306XJ77447,2493312
201306XJ81294,2509415
2013070000000,2564904
2013070000000,2574703
2013070000000,2579247
2013070000000,2531246
2013070000000,2019562
2013070000000,2019562
2013070000000,2019562
2013070000000,2531246
2013070000000,1882902
2013070000000,1111894
2013070000000,2061844
2013070000000,2531246
2013100000000,2264056
2013100000000,2550939
2013100000000,2181583
2013100000000,2550939
2013100000000,2550939
2013100000000,2550939
2013100000000,2181583
2013100000000,2181583
2013100000000,2181583
2013100000000,2550939
2013100000000,2550939
2013100000000,2550939
2013100000000,2181583
2013100000000,2550939
2013100000000,2181583
2013100000000,2550939
2013100000000,2181583
2013100000000,2550939
2013100000000,2181583
2013100000000,2181583
2013100000000,2181583
201311NF19183,2477859
201311NF19563,2477859
201311NG19993,2303987
2013120000000,2528305
2013120000000,2528306
2013130000000,1479020
2013130000000,1824550
2013130000000,1824550
2013130000000,2442921
2013130000000,2442921
2013130000000,2442921
2013130000000,2288769
2013130000000,1269694
2013130000000,1751109
2013130000000,1751118
2013130000000,1479020
2013130000000,2299202
2013130000000,1751109
2013130000000,2288769
2013130000000,1751109
2013130000000,1751118
2013130000000,1824550
2013130000000,1824563
2013130000000,2288752
2013130000000,2299202
20131300A0361,2510736
20131300A0361,2510745
20131300A1178,2442921
20131300B1414,2335066
20131300B1414,2335069
20131300B1414,2335097
20131300B1414,2335154
20131300B1414,2335164
20131300D0943,2442950
20131300F0559,2335066
20131300F0559,2335074
20131300F0559,2335078
20131300F0559,2335086
20131300F0559,2335103
20131300F0559,2335229
20131300F0559,2335243
20131300F0559,2335270
20131300F1127,1824550
20131300G0289,2335078
20131300G0289,2335086
20131300G0289,2335110
20131300G0289,2335128
20131300G0289,2335161
20131300G0289,2335223
20131300G0289,2335229
20131300G0289,2335243
20131300G1050,2288752
20131300G1717,2288764
20131300H0878,2442921
20131300H1021,2254827
20131300H1021,2254831
20131300I0976,2442957
20131300I0976,2442970
20131300I1060,1824550
20131300I1063,2442921
20131300J1281,2288769
20131300J1683,2335066
20131300J1683,2335074
20131300J1683,2335078
20131300J1683,2335086
20131300J1683,2335103
20131300J1683,2335229
20131300J1683,2335243
20131300J1683,2335270
20131300K0375,1824550
20131300K0961,2335074
20131300K0961,2335078
20131300K0961,2335086
20131300K0961,2335103
20131300K0961,2335229
20131300K0961,2335243
20131300K0961,2335270
20131300K1079,2510736
20131300K1079,2510745
20131300L0053,2335056
20131300L0053,2335063
20131300L0357,2442970
20131300L0945,2288750
20131300L0945,2288764
20131300M0676,1824563
20131300M0676,2288752
20131300N0967,2288769
20131300N1196,1479020
20131300P0237,2288769
20131300P0679,1479020
20131300P0717,2335066
20131300P0717,2335074
20131300P0717,2335078
20131300P0717,2335086
20131300P0717,2335103
20131300P0717,2335229
20131300P0717,2335243
20131300P0717,2335270
20131300Q1109,2442921
20131300R0889,2335078
20131300R0889,2335086
20131300R0889,2335110
20131300R0889,2335128
20131300R0889,2335161
20131300R0889,2335223
20131300R0889,2335229
20131300R0889,2335243
20131300R1601,2442950
20131300S0586,2442921
20131300S1255,2288769
20131300T0004,2442921
20131300T0939,1824550
20131300T1729,1824550
20131300U0413,1479020
20131300U1531,2335066
20131300U1531,2335069
20131300U1531,2335074
20131300U1531,2335097
20131300U1531,2335103
20131300U1531,2335154
20131300U1531,2335164
20131300U1531,2335229
20131300U1531,2335243
20131300U1531,2335270
20131300V0699,2288769
2013130000000,2299202
2013130000000,2299202
2013130000000,1479020
2013130000000,2299202
2013130000000,1269694
2013130000000,1751109
2013130000000,1751118
2013130000000,2318783
2013130000000,1269694
2013130000000,1479020
2013130000000,1479020
2013130000000,1269694
2013130000000,1269694
2013130000000,2299202
2013130000000,1479020
2013130000000,2442921
2013130000000,2442921
2013130000000,2442921
2013130000000,2335063
2013130000000,2335063
2013130000000,2335110
2013130000000,1479020
2013130000000,2335063
2013130000000,2335164
2013130000000,2335063
2013130000000,2335164
2013130000000,2335110
2013130000000,2335164
2013130000000,2335110
2013130000000,2442921
2013130000000,1269694
2013130000000,1269694
2013130000000,2335110
2013130000000,2306968
2013130000000,2335243
2013130000000,1479020
2013130000000,2335110
2013130000000,2335161
2013130000000,2335243
2013130000000,2335110
2013130000000,2335161
2013130000000,1751118
2013130000000,2335066
2013130000000,2335097
2013130000000,2335243
2013130000000,1751109
2013130000000,2335243
2013130000000,2335056
2013130000000,2335063
2013130000000,2335066
2013130000000,2335069
2013130000000,2335164
2013130000000,2335066
2013130000000,2335069
2013130000000,2335097
2013130000000,2335164
2013130000000,2335056
2013130000000,2335063
2013130000000,2335066
2013130000000,2335069
2013130000000,2335097
2013130000000,2335164
2013130000000,2335110
2013130000000,2335128
2013130000000,2335161
2013130000000,2335243
2013130000000,2299708
2013130000000,1751109
2013130000000,1751118
2013130000000,2335128
2013130000000,2335196
2013130000000,2335216
2013130000000,2335219
2013130000000,2288752
2013130000000,2288752
2013130000000,2335066
2013130000000,2335069
2013130000000,2335074
2013130000000,2335097
2013130000000,2335164
2013130000000,1824550
2013130000000,2335066
2013130000000,2335069
2013130000000,2335074
2013130000000,2335097
2013130000000,2335103
2013130000000,2335164
2013130000000,2306968
2013130000000,2335066
2013130000000,2335074
2013130000000,2335097
2013130000000,2335103
2013130000000,2335243
2013130000000,2335074
2013130000000,2335103
2013130000000,2335243
2013130000000,2335066
2013130000000,2335074
2013130000000,2335097
2013130000000,2335103
2013130000000,2335243
2013130000000,2335066
2013130000000,2335069
2013130000000,2335074
2013130000000,2335097
2013130000000,2335103
2013130000000,2335164
2013130000000,2335243
2013130000000,2335110
2013130000000,2335161
2013130000000,2335223
2013130000000,2442921
2013130000000,2442921
2013130000000,2335243
2013130000000,2335110
2013130000000,2335128
2013130000000,2335143
2013130000000,2335161
2013130000000,2335196
2013130000000,2335216
2013130000000,2335219
2013130000000,2335223
2013130000000,2335196
2013130000000,2335219
2013130000000,2288769
2013130000000,2442921
2013130000000,1269694
2013130000000,2335056
2013130000000,2335063
2013130000000,2335066
2013130000000,2335069
2013130000000,2335097
2013130000000,2335164
2013130000000,2335066
2013130000000,2335069
2013130000000,2335074
2013130000000,2335078
2013130000000,2335097
2013130000000,2335103
2013130000000,2335164
2013130000000,1269694
2013130000000,1269694
2013130000000,2335143
2013130000000,2335196
2013130000000,2335216
2013130000000,2335219
2013130000000,2335066
2013130000000,2335074
2013130000000,2335078
2013130000000,2335103
2013130000000,2335229
2013130000000,2335243
2013130000000,2442970
2013130000000,1751109
2013130000000,1751118
2013130000000,2335078
2013130000000,2335110
2013130000000,2335128
2013130000000,2335161
2013130000000,2335223
2013130000000,2335229
2013130000000,2318783
2013130000000,2335229
2013130000000,2335243
2013130000000,2335078
2013130000000,2335086
2013130000000,2335110
2013130000000,2335128
2013130000000,2335161
2013130000000,2335223
2013130000000,2335229
2013130000000,2335243
2013130000000,2335066
2013130000000,2335074
2013130000000,2442921
2013130000000,2335066
2013130000000,2335097
2013130000000,1824563
2013130000000,2288752
2013130000000,2489152
2013130000000,2335066
2013130000000,2335069
2013130000000,2335074
2013130000000,2335097
2013130000000,2335103
2013130000000,2335164
2013130000000,2335128
2013130000000,2335143
2013130000000,2335196
2013130000000,2335216
2013130000000,2335219
2013130000000,2335223
2013130000000,1269694
2013130000000,2306968
2013130000000,2335056
2013130000000,2335063
2013130000000,2335066
2013130000000,2335069
2013130000000,2335097
2013130000000,2335164
2013130000000,2335074
2013130000000,2335078
2013130000000,2335086
2013130000000,2335103
2013130000000,2335110
2013130000000,2335161
2013130000000,2335229
2013130000000,2335243
2013130000000,1751109
2013130000000,2288752
2013130000000,2489152
2013130000000,2335078
2013130000000,2335086
2013130000000,2335078
2013130000000,2335103
2013130000000,2335229
2013130000000,2335243
2013130000000,1479020
2013130000000,1824563
2013130000000,2288752
2013130000000,2489152
2013130000000,1824563
2013130000000,2335066
2013130000000,2335069
2013130000000,2335074
2013130000000,2335078
2013130000000,2335086
2013130000000,2335097
2013130000000,2335103
2013130000000,2335164
2013130000000,2335066
2013130000000,2335097
2013130000000,1824550
2013130000000,2335056
2013130000000,2335063
2013130000000,2335066
2013130000000,2335069
2013130000000,2335097
2013130000000,2335164
2013130000000,2306968
2013130000000,1824550
2013130000000,2335078
2013130000000,2335086
2013130000000,2335103
2013130000000,2335110
2013130000000,2335128
2013130000000,2335161
2013130000000,2335223
2013130000000,2335229
2013130000000,2335243
2013130000000,2335229
2013130000000,2335243
2013130000000,2335078
2013130000000,2335086
2013130000000,2335103
2013130000000,2335110
2013130000000,2335128
2013130000000,2335161
2013130000000,2335223
2013130000000,2335229
2013130000000,2335243
2013130000000,2335056
2013130000000,2335063
2013130000000,2318783
2013130000000,1751118
2013130000000,2536997
2013130000000,2537011
2013130000000,2335066
2013130000000,2335069
2013130000000,2335074
2013130000000,2335078
2013130000000,2335086
2013130000000,2335097
2013130000000,2335103
2013130000000,2335164
2013130000000,2335270
2013130000000,2335066
2013130000000,2335097
2013130000000,1824563
2013130000000,2288752
2013130000000,1269694
2013130000000,2318783
2013130000000,1479020
2013130000000,2543917
2013130000000,2254827
2013130000000,2254831
2013130000000,2543919
2013130000000,2543921
2013130000000,2510746
2013130000000,2335229
2013130000000,2335243
2013130000000,2288769
2013130000000,2288769
2013130000000,2335078
2013130000000,2335086
2013130000000,2335110
2013130000000,2335128
2013130000000,2335143
2013130000000,2335161
2013130000000,2335216
2013130000000,2335223
2013130000000,2335143
2013130000000,2335196
2013130000000,2335216
2013130000000,2335219
2013130000000,1824550
2013130000000,2335056
2013130000000,2335063
2013130000000,2510736
2013130000000,2510745
2013130000000,2335066
2013130000000,2335069
2013130000000,2335074
2013130000000,2335078
2013130000000,2335086
2013130000000,2335097
2013130000000,2335103
2013130000000,2335154
2013130000000,2335164
2013130000000,2335229
2013130000000,2335243
2013130000000,2335270
2013130000000,2510736
2013130000000,2510745
2013130000000,2306968
2013130000000,2335074
2013130000000,2335103
2013130000000,2335229
2013130000000,2335243
2013130000000,2335270
2013130000000,2299202
2013130000000,1824563
2013130000000,2288752
2013130000000,2335078
2013130000000,2335086
2013130000000,2335229
2013130000000,2335243
2013130000000,2335056
2013130000000,2335063
2013130000000,2335066
2013130000000,2335069
2013130000000,2335097
2013130000000,2335154
2013130000000,2335164
2013130000000,2335103
2013130000000,2335229
2013130000000,2335243
2013130000000,2335270
2013130000000,2247625
2013130000000,2335056
2013130000000,2335063
2013130000000,2335069
2013130000000,2335164
2013130000000,2335066
2013130000000,2335074
2013130000000,2335103
2013130000000,2335243
2013130000000,2335270
2013130000000,2335128
2013130000000,2335143
2013130000000,2335196
2013130000000,2335216
2013130000000,2335219
2013130000000,2335223
2013130000000,2335066
2013130000000,2335069
2013130000000,2335074
2013130000000,2335097
2013130000000,2335103
2013130000000,2335154
2013130000000,2335164
2013130000000,2335229
2013130000000,2335243
2013130000000,2335270
2013130000000,2510736
2013130000000,2510745
2013130000000,2510746
2013130000000,2335066
2013130000000,2335069
2013130000000,2335074
2013130000000,2335078
2013130000000,2335086
2013130000000,2335097
2013130000000,2335103
2013130000000,2335154
2013130000000,2335164
2013130000000,2335229
2013130000000,2335243
2013130000000,2335270
2013130000000,2335066
2013130000000,2335074
2013130000000,2335097
2013130000000,2335103
2013130000000,2335154
2013130000000,2335229
2013130000000,2335243
2013130000000,2335270
2013130000000,2335078
2013130000000,2335086
2013130000000,2335110
2013130000000,2335128
2013130000000,2335161
2013130000000,2335223
2013130000000,2335229
2013130000000,2335243
2013130000000,2335078
2013130000000,2335086
2013130000000,2335110
2013130000000,2335128
2013130000000,2335143
2013130000000,2335161
2013130000000,2335216
2013130000000,2335223
2013130000000,2335143
2013130000000,2335196
2013130000000,2335216
2013130000000,2335219
2013130000000,2335143
2013130000000,2335196
2013130000000,2335216
2013130000000,2335219
2013130000000,2335078
2013130000000,2335086
2013130000000,2335110
2013130000000,2335128
2013130000000,2335161
2013130000000,2335223
2013130000000,2335229
2013130000000,2335243
2013130000000,2335110
2013130000000,2335128
2013130000000,2335143
2013130000000,2335161
2013130000000,2335216
2013130000000,2335223
2013130000000,2335066
2013130000000,2335074
2013130000000,2335097
2013130000000,2335103
2013130000000,2335154
2013130000000,2335270
2013130000000,2335078
2013130000000,2335086
2013130000000,2335103
2013130000000,2335229
2013130000000,2335243
2013130000000,2335270
2013130000000,2335056
2013130000000,2335063
2013130000000,2335078
2013130000000,2335086
2013130000000,2335066
2013130000000,2335069
2013130000000,2335074
2013130000000,2335078
2013130000000,2335086
2013130000000,2335097
2013130000000,2335103
2013130000000,2335154
2013130000000,2335164
2013130000000,2335270
2013130000000,2335066
2013130000000,2335069
2013130000000,2335074
2013130000000,2335097
2013130000000,2335103
2013130000000,2335154
2013130000000,2335164
2013130000000,2335270
2013130000000,1824563
2013130000000,2288752
2013130000000,2335078
2013130000000,2335086
2013130000000,2335110
2013130000000,2335128
2013130000000,2335161
2013130000000,2335223
2013130000000,2335229
2013130000000,2335056
2013130000000,2335063
2013130000000,2335074
2013130000000,2335078
2013130000000,2335086
2013130000000,2335103
2013130000000,2335229
2013130000000,2335243
2013130000000,2335270
2013130000000,2335066
2013130000000,2335069
2013130000000,2335074
2013130000000,2335078
2013130000000,2335086
2013130000000,2335097
2013130000000,2335103
2013130000000,2335154
2013130000000,2335164
2013130000000,2335270
2013130000000,2335066
2013130000000,2335069
2013130000000,2335074
2013130000000,2335086
2013130000000,2335097
2013130000000,2335154
2013130000000,2335164
2013130000000,2335056
2013130000000,2335063
2013130000000,2335066
2013130000000,2335069
2013130000000,2335164
2013130000000,2335066
2013130000000,2335097
2013130000000,2335154
2013130000000,2335074
2013130000000,2335078
2013130000000,2335086
2013130000000,2335103
2013130000000,2335229
2013130000000,2335243
2013130000000,2335270
2013130000000,2335229
2013130000000,2335243
2013130000000,2335066
2013130000000,2335074
2013130000000,2335078
2013130000000,2335086
2013130000000,2335097
2013130000000,2335103
2013130000000,2335229
2013130000000,2335243
2013130000000,2335270
2013130000000,2335110
2013130000000,2335128
2013130000000,2335143
2013130000000,2335161
2013130000000,2335216
2013130000000,2335223
2013130000000,2335066
2013130000000,2335069
2013130000000,2335074
2013130000000,2335078
2013130000000,2335086
2013130000000,2335097
2013130000000,2335103
2013130000000,2335154
2013130000000,2335164
2013130000000,2335270
2013130000000,2335128
2013130000000,2335143
2013130000000,2335196
2013130000000,2335216
2013130000000,2335219
2013130000000,2335223
2013130000000,2335074
2013130000000,2335270
2013130000000,2335056
2013130000000,2335063
2013130000000,2335078
2013130000000,2335086
2013130000000,2335110
2013130000000,2335128
2013130000000,2335143
2013130000000,2335161
2013130000000,2335216
2013130000000,2335223
2013130000000,2335056
2013130000000,2335063
2013130000000,2335069
2013130000000,2335164
2013130000000,2335066
2013130000000,2335069
2013130000000,2335074
2013130000000,2335097
2013130000000,2335154
2013130000000,2335164
2013130000000,2335078
2013130000000,2335086
2013130000000,2335097
2013130000000,2335103
2013130000000,2335110
2013130000000,2335154
2013130000000,2335161
2013130000000,2335229
2013130000000,2335243
2013130000000,2335270
2013130000000,2335066
2013130000000,2335069
2013130000000,2335097
2013130000000,2335154
2013130000000,2335164
2013130000000,2335066
2013130000000,2335097
2013130000000,2335110
2013130000000,2335154
2013130000000,2335143
2013130000000,2335196
2013130000000,2335216
2013130000000,2335219
2013130000000,2335066
2013130000000,2335074
2013130000000,2335097
2013130000000,2335103
2013130000000,2335154
2013130000000,2335270
2013130000000,2335078
2013130000000,2335086
2013130000000,2335103
2013130000000,2335229
2013130000000,2335243
2013130000000,2335270
2013130000000,2442957
2013130000000,2442970
2013130000000,2335110
2013130000000,2335128
2013130000000,2335143
2013130000000,2335161
2013130000000,2335216
2013130000000,2335223
2013130000000,2335056
2013130000000,2335063
2013130000000,2335066
2013130000000,2335069
2013130000000,2335164
2013130000000,2335103
2013130000000,2335229
2013130000000,2335243
2013130000000,2335270
2013130000000,2335056
2013130000000,2335063
2013130000000,2335069
2013130000000,2335097
2013130000000,2335154
2013130000000,2335164
2013130000000,2335056
2013130000000,2335063
2013130000000,2335069
2013130000000,2335164
2013130000000,2335078
2013130000000,2335086
2013130000000,2335110
2013130000000,2335128
2013130000000,2335161
2013130000000,2335223
2013130000000,2335196
2013130000000,2335219
2013130000000,2335074
2013130000000,2335078
2013130000000,2335103
2013130000000,2335229
2013130000000,2335243
201314A091913,1374583
201314A096513,2578039
201314A099913,2578039
201314A111213,1374583
201314A133513,1374583
201314A138313,1374583
201314A141213,1374583
201314B056113,2225807
201314B056113,2225811
201314C043213,2510455
201314C043413,2289030
201314C043413,2289064
201314C049613,2289069
201314C055713,2510455
201314C055813,1145501
201314C059513,2289036
201314C061413,2510455
201314C062213,2510455
201314C062713,1685155
201314C063013,2289069
201314C065013,1685155
201314C068413,2289069
201314C074413,2510455
201314C075113,2289036
201314C077013,2289069
201314C077313,1892489
201314C077313,2289036
201314C080413,2289036
201314C083013,1352375
201314C083013,2391312
201314C084613,1892489
201314C086913,2510455
201314C092413,2289069
201314C093013,2510455
201314C093313,2510455
201314C099613,1685155
201314C099813,1145501
201314C113013,2289030
201314C113013,2289064
201314K092813,1145501
201314K092813,1685155
201314K125513,1145501
201314K125513,2289030
201314K125513,2289064
201314K131513,1145501
201314K131513,1685155
201314K131513,2289064
201314K138013,2289036
201314K139013,1685155
201314K151113,1685155
201314K156513,2289036
201314K158213,1145501
201314K158213,2289030
201314K158213,2289064
201314K158713,1145501
201314K158713,2289030
201314K158713,2289064
201314K165313,1145501
201314K165313,1685155
201314K168313,1145501
201314K168313,2289030
201314K168313,2289064
201314K170213,1145501
201314K170213,1685155
201314K170613,1892489
201314K184213,1145501
201314K186313,1145501
201314K198013,1145501
201314K198013,2289030
201314K198013,2289064
201314K202713,1145501
201314K202713,1685155
201314K207213,2289030
201314K207213,2289064
201314K207813,1145501
201314K207813,1685155
201314K215313,2289036
201314K216513,2289036
201314K217713,1145501
201314K220313,1352375
201314K220313,2391312
201314K221913,1145501
201314K221913,2289030
201314K221913,2289064
201314K225613,1145501
201314K233213,1145501
201314K233213,2289030
201314K233213,2289064
201314K233513,2289036
2013160B01821,2199850
2013160C00051,213110
2013160C01011,213110
2013160C02171,213110
2013160C05691,213110
2013160C05871,213110
2013160C06781,2574781
2013160D03271,2392343
2013160D03541,2392343
2013160D03541,2392350
2013160D03551,2392343
2013160D03551,2392350
2013160D03701,2392343
2013160D03701,2392350
2013160D03761,2392343
2013160D03761,2392350
2013160D03901,2392343
2013160D03901,2392350
2013160D03931,2392343
2013160D03931,2392350
2013160D03971,2392343
2013160D03971,2392350
2013160D04011,2392343
2013160D04011,2392350
2013160D04071,2392343
2013160D04071,2392350
2013160D04101,2392343
2013160D04101,2392350
2013160D04231,2392343
2013160D04231,2392350
2013160D04571,2392343
2013160D04571,2392350
2013160D04641,2392343
2013160D04641,2392350
2013160D04651,2392343
2013160D04651,2392350
2013160D04761,2392343
2013160D04761,2392350
2013160D04831,2392343
2013160D04831,2392350
2013160D04841,2392343
2013160D04841,2392350
2013160D04861,2392343
2013160D04861,2392350
2013160D05001,2392343
2013160D05001,2392350
2013160D05031,2392343
2013160D05031,2392350
2013160D05121,2392343
2013160D05121,2392350
2013160D05231,2392343
2013160D05231,2392350
2013160D05241,2392343
2013160D05241,2392350
2013160D05251,2392343
2013160D05251,2392350
2013160D05571,2392343
2013160D05571,2392350
2013160D05621,2392343
2013160D05621,2392350
2013160D05661,2392343
2013160D05661,2392350
2013160D05741,2392343
2013160D05741,2392350
2013160D06311,2392343
2013160D06311,2392350
2013160D06431,2392343
2013160D06431,2392350
2013160D06611,2392343
2013160D06611,2392350
2013160D08641,2392343
2013160D08641,2392350
2013170L21353,2323149
2013170L21763,2323149
2013170M10293,2268516
2013170M10293,2268535
2013170M10303,2268516
2013170M10303,2268535
2013170M10953,2268516
2013170M10953,2268535
2013170M11003,2268516
2013170M11003,2268535
2013170M11013,2268516
2013170M11013,2268535
2013170M11503,2268516
2013170M11503,2268535
2013170M11593,2268516
2013170M11593,2268535
2013170M11803,2268516
2013170M11803,2268535
2013170M11973,2268516
2013170M11973,2268535
2013170M12363,2268516
2013170M12363,2268535
2013170S10353,2268516
2013170S10353,2268535
2013170S10443,2268516
2013170S10443,2268535
2013170S10703,2268516
2013170S10703,2268535
2013170S11993,2268516
2013170S11993,2268535
2013170S12773,2268516
2013170S12773,2268535
2013170S21493,2268516
2013170S21493,2268535
201320J009163,2553250
201320K009133,2271299
201320K009163,2271299
201320K010083,2577846
201320K010193,2271299
201320K010513,2271299
201320K010953,2572474
201320K011413,2271299
201320K011903,2572474
201320L004273,2344102
201320L004873,2344102
201320L007463,2344102
201320L007553,2344102
201320M012253,2209258
201320M012443,2209255
201320M012443,2209272
201320M012443,2209258
201320M012473,2209255
201320M012473,2209272
201320M012473,2209258
201320M013463,2333617
201320M013553,2209255
201320M013553,2209272
201320M013553,2209258
201320M013583,2209255
201320M013823,2209258
201320M014013,2209258
201320M014903,2209272
201320M014903,2209258
201320M014953,2209258
201320M015993,2209272
201320M015993,2209258
201320M017673,2209272
201320M017673,2209258
201320M500363,2333617
201320M500553,2333617
201320N017553,1725154
201320N018823,1725154
201320N032973,1725154
201320N033213,1725154
201320N044163,2520459
201320N046033,2478718
201320N047393,2478718
201320N049683,1725154
201320N051943,1725154
201320N052783,1725154
201320N061863,1725154
201320T047113,2520459
201320W007813,1725154
201320W008143,1725154
201320W008373,1725154
201320W013303,1725154
201320W013663,1725154
201320W021753,1725154
201320W022533,1725154
201320W024823,1725154
201320W029033,1725154
201320W035893,1725154
201320W038903,1725154
201320W043223,1725154
201320W049333,1725154
201320W054253,1725154
201320W056343,1725154
201320W058923,1725154
201320W060133,1725154
201320W062733,1725154
201320W063013,1725154
201320W063133,1725154
201320W501633,1725154
201320W502153,1725154
201320Z000343,1725154
201320Z000653,1725154
201320Z001663,1725154
201320Z002063,1725154
201320Z002753,2477693
201320Z002773,1725154
201320Z002773,2477693
201320Z002783,1725154
201320Z002953,1725154
201320Z002953,2477693
201320Z003143,2572474
201320Z003153,1725154
201320Z003163,2572474
201320Z003493,2478718
201320Z003813,2516041
201320Z003833,1725154
201320Z003843,2344102
201320Z003963,2344102
201320Z004343,1725154
201320Z500113,1725154
2013210000000,2512518
2013210000000,2574789
2013210000000,2574789
2013210000000,2512518
2013210000000,2577652
2013210000000,2574789
2013210000000,2519520
2013210000000,1445823
2013210000000,999850
2013210000000,2512518
2013210000000,2520887
2013210000000,2520921
2013210000000,2471157
2013210000000,999850
2013210000000,2471157
2013210000000,999850
201322C303270,2565926
201322C303979,2097333
201322D302960,2554336
201322D303154,2579829
201322E300144,1909999
201322E300328,1909999
201322E300431,1909999
201322E300522,1909999
201322E300715,1909999
201322E300732,1909999
201322E300915,1909999
201322E300995,1909999
201322E301069,1909999
201322E301133,1909999
201322E301201,1909999
201322E301430,1909999
201322E301536,1909999
201322E301574,1909999
201322E301780,1909999
201322E301786,1909999
201322E301898,1909999
201322E302111,1909999
201322E302230,1909999
201322E302285,1909999
201322E302360,1909999
201322E302458,1909999
201322E302547,1909999
201322E302624,1909999
201322E302710,1909999
201322E302750,1909999
201322E303099,1909999
201322E303202,1909999
201322E303202,2573422
201322E303460,1909999
201322E303484,2272453
201322E303489,2272453
201322E303512,1909999
201322E303612,1909999
201322E303696,1909999
201322E303721,1909999
201322E303767,1909999
201322E303797,1909999
201322E303926,1909999
201322E303927,1909999
201322E304104,1909999
201322E304290,1909999
201322E304314,1909999
201322E304319,1909999
201322E304344,1909999
201322E304382,1909999
201322E304431,1909999
201322E400100,1909999
201322F303168,2571842
201322G302183,2023206
201322G302522,2023206
201322G302964,2023206
201322G303321,2023206
201322G303388,2023206
201322G303603,2023206
201322G303605,2023206
201322G304126,2023206
201322G304176,2023206
201322G400008,2023206
201322G400037,2023206
201322G400065,2023206
2013230000000,2333617
2013230000000,2209255
2013230000000,2344102
2013230000000,2344102
2013230000000,2344102
2013230000000,2344102
2013230000000,2344102
2013230000000,2545393
2013230000000,2344102
2013230000000,2545393
2013230000000,2344102
2013230000000,2344102
2013230000000,2333617
2013230000000,2209258
2013240000000,2344102
2013240000000,2344102
2013240000000,2344102
2013240000000,2344102
2013240000000,2536138
2013240000000,2344102
2013240000000,2344102
2013300000000,1512545
2013300000000,1512545
2013300000000,1512545
2013300000000,1535390
2013300000000,1110375
2013300000000,1620018
2013300000000,1512545
2013300000000,1896828
2013300000000,1896828
201330B000308,1975216
201330B000664,1975216
201331A192613,1620018
201331A228613,1620018
201331C018613,1117492
201331C061113,1117492
201331C062813,1117492
201331C109013,1117492
201331C138013,1117492
201331C149913,1117492
201331C156013,1117492
201331C156613,1117492
201331C165513,1117492
201331C177113,1117492
201331C177913,1117492
201331C177913,1574646
201331C178713,1896628
201331C178713,2359820
201331C178713,2410961
201331C179013,1117492
201331C181513,1117492
201331C189113,1117492
201331C189413,1117492
201331C191313,1896628
201331C191313,2359820
201331C192113,1896628
201331C192113,2359820
201331C192413,2359820
201331C193113,1896628
201331C193113,2359820
201331C200813,2411211
201331C200913,1117492
201331C203813,1896628
201331C203813,2359820
201331C203913,1896628
201331C203913,2359820
201331C205313,1896628
201331C205313,2359820
201331C214513,2359820
201331C217913,2359820
201331C218013,2359820
201331C223313,1117492
201331C227213,2359820
201331C229713,2359820
201331C231013,2359820
201331C246913,1117492
201331C249413,2359820
201331C250913,1117492
201331C254513,1896628
201331C254513,2359820
201331C265213,1117492
201331C272113,1896628
201331C272113,2359820
201331C273013,1117492
201331C276013,2359820
201331C281113,1117492
201331D093513,1619975
201331D102113,414745
201331D105013,414745
201331D113513,1619975
201331D165713,1619975
201331D167513,1619975
201331D169913,1540551
201331D171813,414745
201331D189213,2555408
201331D225013,414745
201331D235113,1619975
201331D236313,1619975
201331D244913,414745
201331D253113,1896828
201331D258113,414745
201331D260413,1896828
201331D267613,1896828
201331D276613,1896828
201331D286613,414745
201331P104513,1620018
201331P151613,1620018
201331P168813,1619975
201331P279413,1620018
201332N333913,2569612
201332N336613,2424599
2013330000000,2500240
2013330000000,2500240
2013330000000,2334811
2013330000000,2334811
2013330000000,2500240
2013330000000,2235670
2013330000000,2334811
2013330000000,2227098
2013330000000,2227098
2013330000000,2235670
2013330000000,2334811
2013330000000,2227098
2013330000000,2334811
2013330000000,2227098
2013330000000,2235670
2013330000000,2334811
2013330000000,2334811
2013330000000,2235670
2013330000000,2334811
2013330000000,2415770
2013330000000,2398237
2013330000000,2500240
2013330000000,2500240
2013330000000,2398237
2013330000000,2398237
2013330000000,2227098
2013330000000,2426148
2013330000000,2398237
2013330000000,2235670
2013330000000,2398237
2013330000000,2227098
2013330000000,2227098
2013330000000,2235670
2013330000000,2500240
2013330000000,2235670
2013330000000,2235670
2013330000000,2500240
2013330000000,2235670
201334NW11353,2354562
201334NW22573,2354562
201334NW23063,2354562
201334WD20193,2305395
201334WD21523,2265432
201334WD22563,2478029
201334WD23193,2305395
201334WN21273,2418669
201334WN21273,2419072
201334WS24793,998294
2013350000000,2321676
2013350000000,2321676
2013350000000,2504852
2013350000000,2504852
2013350000000,2504852
2013350000000,2317536
2013350000000,2437704
2013350000000,2504852
2013350000000,2437704
2013350000000,2504852
2013350000000,2437704
2013350000000,2504852
2013350000000,2568382
2013350000000,2284776
2013350000000,2568382
2013350000000,2568382
2013350000000,2568382
2013350000000,2366007
2013350000000,2497816
2013350000000,2497847
2013350000000,2568382
2013350000000,2568382
2013350000000,2568382
2013350000000,2568382
2013350000000,2568382
2013350000000,2568382
2013360000000,2382349
201337EA69315,1736621
201337EA69315,2320297
201337EA72554,1736621
201337EA72554,2320297
201337EA72656,2506081
201337EA72670,1736621
201337EA72776,2506081
201337EA72777,2506081
201337EA72815,2506081
201337EA73656,2506081
201337EA73766,2506081
201337EA73996,2396872
2013400BA0582,2467912
2013400BA0584,2467912
2013400DA0547,2545266
2013400DA0563,2545266
2013400DA0570,2545266
2013400DA0599,2450644
2013400DA0619,2450644
2013400DA0635,2450644
2013400DA0638,2450644
20134100B0180,2115236
20134100B0210,2115236
20134100B0443,2562701
20134100B0462,2562744
20134100B0476,2562744
20134100B0494,2562701
20134100B0494,2562744
20134100B0495,2562744
20134100B0528,2562701
20134100B0534,2562701
20134100B0534,2562744
20134100B0538,2562701
20134100B0538,2562744
20134100B0565,2562701
20134100B0586,2562744
20134100B0615,2562744
20134100B0634,2562744
20134100B0653,2562701
20134100B0653,2562744
20134100C0723,2577946
20134100C0723,2577958
2.01E+183,2444029
2.01E+183,2444030
2.01E+213,2444029
2.01E+213,2444030
2.01E+248,2444029
2.01E+248,2444030
2.01E+289,2444029
2.01E+289,2444030
2.01E+291,2444029
2.01E+291,2444030
2.01E+294,2444029
2.01E+294,2444030
2.01E+296,2444029
2.01E+296,2444030
20134100E0322,2444029
20134100E0322,2444030
20134100E0329,2444029
20134100E0342,2444029
20134100E0342,2444030
20134100E0359,2444029
20134100E0359,2444030
20134100E0366,2444029
20134100E0370,2444029
20134100E0370,2444030
20134100E0374,2444029
20134100E0374,2444030
20134100E0390,2444029
20134100E0390,2444030
20134100E0395,2444029
20134100E0395,2444030
20134100E0395,2562833
20134100E0411,2444030
20134100E0412,2444029
20134100E0412,2444030
20134100E0413,2444029
20134100E0413,2444030
20134100E0421,2476516
20134100E0421,2476659
20134100E0462,2444030
20134100E0471,2444030
20134100E0530,2444030
20134100F0565,2578124
20134100J0452,2562528
20134100J0460,2573370
20134100J0460,2573503
20134100K0357,2579380
20134100K0388,2573342
20134100K0388,2573364
20134100T1093,2563983
20134100T1093,2563997
20134100T1093,2564103
20134100T1139,2444029
20134100T2049,2444030
20134100T2089,2540315
20134100T2089,2558004
20134100T2102,2444029
20134100T2108,2476516
20134100T2108,2476659
20134100T2110,2444029
20134100T2110,2444030
20134100T2120,2476516
20134100T2120,2476659
20134100T2124,2476516
20134100T2124,2476659
20134100T2131,2444029
20134100T2137,2444029
20134100T2137,2444030
20134100T2147,2476516
20134100T2147,2476659
20134100T3158,2578124
201342I009501,2112015
201342I040802,2112015
201342I046102,2112192
201342I054002,2105941
201342I070003,2112015
201342I098304,2112015
201342I115805,2370086
201342I119404,2370086
201342I124405,2112015
201342I132505,2370086
201342I132505,2337711
201342I149906,2105941
201342I150304,2370086
201342I152406,1168176
201342I152406,2326696
201342I152406,2370086
201342I155306,2370086
201342I155706,2370086
201342I156806,2337711
201342I165805,2112192
201342I174406,1168176
201342I174406,2326696
201342I176406,2112015
201342I185807,2370086
201342I185807,2337711
201342I187406,2370086
201342I188907,1168176
201342I188907,2326696
201342I190007,2337711
201342I194407,2337711
201342I197907,1168176
201342I197907,2326696
201342I200907,2337711
201342I201707,2337711
201342I204907,2370086
201342I205307,2370086
201342I206707,1168176
201342I206707,2326696
201342I207807,2370086
201342I207807,2337711
201342I210907,1168176
201342I210907,2326696
201342I210907,2370086
201342I212907,2370086
201342I217407,1168176
201342I217407,2326696
201342I223008,2370086
201342I223208,2370086
201342I223708,1168176
201342I223708,2326696
201342I230108,1168176
201342I230108,2326696
201342I232008,2337711
201342I233008,1168176
201342I233008,2326696
201342I236908,2370086
201342I237007,1168176
201342I237007,2326696
201342I241308,1168176
201342I241308,2326696
201342I241708,2370086
201342I246008,1168176
201342I246008,2326696
201342I247808,2370086
201342I248908,1168176
201342I248908,2326696
201342I248908,2370086
201342I252508,2370086
201342I252508,2337711
201342I253008,2536314
201342I253008,2536324
201342I253008,2536404
201342I253008,2536409
201342I253008,2536414
201342I253008,2536423
201342I253008,2536183
201342I253008,2537466
201342I253008,2539950
201342I253408,1168176
201342I253408,2326696
201342I253508,1168176
201342I253508,2370086
201342I255608,2479238
201342I255809,2479238
201342I260609,2370086
201342I260609,2139281
201342I260609,2337711
201342I264306,1168176
201342I264306,2326696
201342I266508,2562638
201342I266508,2562647
201342I266609,2105941
201342I271509,2105941
201342I274609,2537466
201342I274709,2544221
201342I274709,2370086
201342I276009,2445859
201342I276009,2445875
201342I278109,2445859
201342I278109,2445875
201342I282309,2536099
201342I282309,2536235
201342I282309,2537518
201342I282309,2539939
201342I284309,2112015
201342I284409,2112015
201342I288009,2445859
201342I288009,2445875
201342I288109,2370086
201342I292709,1168176
201342I292709,2326696
201342I295009,2105941
201342I303510,1168176
201342I303510,2326696
201342I309510,1168176
201342I309510,2326696
201342I312510,2370086
201342I323310,2370086
201342I323310,2337711
201342I327010,1168176
201342I327010,2326696
201342I328610,2370086
201342I332710,2370086
201342I333210,1168176
201342I333210,2326696
201342I336511,1168176
201342I336511,2326696
201342I343110,1168176
201342I343110,2326696
201342I344608,1168176
201342I344608,2326696
201342I345210,2370086
201342I348310,2370086
201342I350010,1168176
201342I350010,2326696
201342I361711,1168176
201342I361711,2326696
201342I367310,2112192
201342I368311,2105941
201342I370411,2370086
201342I370411,2337711
201342I370711,2105941
201342I379411,2112015
201342I389412,2105941
201342I404111,1168176
201342I404111,2326696
201342I413912,2112015
201342I421412,2105941
201343N046093,2553976
201343N061093,2469785
201343N080093,2552314
201343N080093,2552354
201343N080093,2552366
201343N080093,2552385
201343N080093,2552397
201343N080093,2552583
201343N080093,2555445
201343N087093,2525215
201343N087093,2525225
201343N105103,2361548
201343N105103,2409247
201343N297123,2361548
201343N297123,2409247
201343P004083,2354631
201343P004083,2354658
201343P047083,2354631
201343P047083,2354658
201343P063113,2428036
201343P075093,2446138
201343P075093,2446158
201343P086083,2354631
201343P101083,2552367
201343P125093,2354658
201343P133093,2354658
201343P155103,2475689
201343P205103,2475689
201343P263083,2354631
201343P263083,2354658
201343P280073,2354658
201343P284103,2475689
201343R001073,1821162
201343R005013,2325314
201343R008093,2512264
201343R008093,2325314
201343R008093,2537300
201343R010013,1821162
201343R014043,2325314
201343R017103,2511425
201343R017103,2512264
201343R021043,1821162
201343R029063,1821162
201343R029103,2361548
201343R029103,2409247
201343R037053,1821162
201343R037083,1821162
201343R037093,1821162
201343R038073,1821162
201343R040013,1821162
201343R053013,1821162
201343R057033,1821162
201343R061063,1821162
201343R061083,1821162
201343R061113,1821162
201343R062033,1821162
201343R066103,1821162
201343R068063,1821162
201343R068073,1821162
201343R070063,2325314
201343R075033,1821162
201343R076063,1821162
201343R076113,2428037
201343R078013,1821162
201343R080103,2511425
201343R080103,2512264
201343R082013,2325314
201343R086033,1821162
201343R088013,1821162
201343R088113,1821162
201343R088123,1821162
201343R094083,2325314
201343R094083,2537300
201343R094123,2428037
201343R095033,1821162
201343R099113,1821162
201343R102103,2361548
201343R102103,2409247
201343R104103,2511425
201343R104103,2512264
201343R105073,1821162
201343R106043,1821162
201343R108043,2325314
201343R110053,1821162
201343R111023,1821162
201343R116093,2325314
201343R116093,2537300
201343R128093,2361548
201343R128093,2409247
201343R132063,1821162
201343R134093,1821162
201343R134103,1821162
201343R138103,1821162
201343R140123,1821162
201343R142033,2325314
201343R148083,2428037
201343R153033,2325314
201343R154063,1821162
201343R159053,2325314
201343R159063,1821162
201343R160033,1821162
201343R160043,2325314
201343R161093,1821162
201343R167033,1821162
201343R170093,2428037
201343R173123,1821162
201343R180103,1821162
201343R182123,1821162
201343R184083,1821162
201343R186083,2325314
201343R186083,2537300
201343R186083,2550992
201343R193113,1821162
201343R195123,1821162
201343R196063,1821162
201343R197043,1821162
201343R201063,1821162
201343R203033,1821162
201343R203123,2361548
201343R203123,2409247
201343R211073,1821162
201343R218083,1821162
201343R219093,1821162
201343R222093,1821162
201343R224073,2537300
201343R224093,1821162
201343R229093,2361548
201343R229093,2409247
201343R239123,2361548
201343R239123,2409247
201343R250123,1821162
201343R253093,2428037
201343R254123,1821162
201343R263103,2428037
201343R264113,1821162
201343S072093,1821850
201343S072093,1823057
201343S072093,1823293
201343S072093,1823401
201343S106123,1821850
201343S106123,1823057
201343S106123,1823293
201343S106123,1823401
201343S134113,1821850
201343S134113,1823057
201343S134113,1823293
201343S134113,1823401
201343S158123,1821850
201343S158123,1823057
201343S158123,1823293
201343S158123,1823401
201343W152093,2511425
201343W152093,2512264
201343W167083,2474721
201343W172083,2474721
2013440000000,2333817
2013440000000,2333817
2013440000000,2333817
2013440000000,2333834
2013440000000,2333817
2013440000000,2333834
2013440000000,2333817
2013440000000,2333817
2013440000000,2333817
2013440000000,2333817
2013440000000,2342902
2013440000000,2333817
2013440000000,2333817
2013440000000,2333817
2013440000000,2342902
2013440000000,2333817
2013440000000,2333817
2013440000000,2333817
2013440000000,2333834
2013440000000,2350127
2013440000000,2333817
2013440000000,2333817
2013440000000,2333834
2013440000000,2350127
2013440000000,2333817
2013440000000,2333817
2013440000000,2333817
2013440000000,2333817
2013440000000,2333817
2013440000000,2333817
2013440000000,2333817
2013440000000,2333817
2013440000000,2333834
2013440000000,2350127
2013440000000,2333817
2013440000000,2033302
2013440000000,2402436
2013440000000,2333817
2013440000000,2333834
2013440000000,2350127
2013440000000,2428023
2013440000000,2333817
2013440000000,2333834
2013440000000,2350127
2013440000000,2428051
2013440000000,2333817
2013440000000,2333817
2013440000000,2333817
2013440000000,2427986
2013440000000,2333817
2013440000000,2033302
2013440000000,2402436
2013440000000,2333817
2013440000000,2428023
2013440000000,2333817
2013440000000,2428023
2013440000000,2333817
2013440000000,2033302
2013440000000,2402436
2013440000000,2301299
2013440000000,2333817
2013440000000,2466520
2013440000000,2333817
2013440000000,2466520
2013440000000,2333817
2013440000000,2466520
2013440000000,2428051
2013440000000,2342902
2013440000000,2427937
2013440000000,2427937
2013440000000,2427937
2013440000000,2008596
2013440000000,2333817
2013440000000,2466500
2013440000000,2466520
2013440000000,2427986
2013440000000,2033302
2013440000000,2402436
2013440000000,2428023
2013440000000,2333817
2013440000000,2466520
2013440000000,2333817
2013440000000,2466520
2013440000000,2333817
2013440000000,2466520
2013440000000,2428051
2013440000000,2427937
2013440000000,2333834
2013440000000,2350127
2013440000000,2450729
2013440000000,2033302
2013440000000,2402436
2013440000000,2427986
2013440000000,2427937
2013440000000,2427937
2013440000000,2333817
2013440000000,2466520
2013440000000,2333817
2013440000000,2466520
2013440000000,2333834
2013440000000,2350127
2013440000000,2450729
2013440000000,2427937
2013440000000,2427986
2013440000000,2033302
2013440000000,2402436
2013440000000,2428023
2013440000000,2342902
2013440000000,2342902
2013440000000,2342902
2013440000000,2333817
2013440000000,2466520
2013440000000,2333817
2013440000000,2466520
2013440000000,2008596
2013440000000,2333817
2013440000000,2466500
2013440000000,2466520
2013440000000,2333817
2013440000000,2466520
2013440000000,2428051
2013440000000,2333817
2013440000000,2466520
2013440000000,2428023
2013440000000,2428023
2013440000000,2428023
2013440000000,2427980
2013440000000,2008596
2013440000000,2333817
2013440000000,2466500
2013440000000,2466520
2013440000000,2428023
2013440000000,2428051
2013440000000,2033302
2013440000000,2402436
2013440000000,2333817
2013440000000,2466520
2013440000000,2033302
2013440000000,2402436
2013440000000,2008596
2013440000000,2333817
2013440000000,2466500
2013440000000,2466520
2013440000000,2520900
2013440000000,2520900
2013440000000,2033302
2013440000000,2402436
2013440000000,2428051
2013440000000,2428023
2013440000000,2512405
2013440000000,2512424
2013440000000,2428023
2013440000000,2008596
2013440000000,2333817
2013440000000,2466500
2013440000000,2466520
2013440000000,2008596
2013440000000,2333817
2013440000000,2466500
2013440000000,2466520
2013440000000,2427937
2013440000000,2033302
2013440000000,2402436
2013440000000,2499645
2013440000000,2008596
2013440000000,2466500
2013440000000,2428023
2013440000000,2520900
2013440000000,2333834
2013440000000,2350127
2013440000000,2450729
2013440000000,2301299
2013440000000,2333817
2013440000000,2466520
2013440000000,2428023
2013440000000,2428023
2013440000000,2033302
2013440000000,2402436
2013440000000,2549779
2013440000000,2428023
2013440000000,2033302
2013440000000,2402436
2013440000000,2428023
2013440000000,2008596
2013440000000,2333817
2013440000000,2466500
2013440000000,2466520
2013440000000,2427980
2013440000000,2557145
2013440000000,2333817
2013440000000,2466520
2013440000000,2500431
2013440000000,2500437
2013440000000,2428023
2013440000000,2333817
2013440000000,2466520
2013440000000,2008596
2013440000000,2333817
2013440000000,2466500
2013440000000,2466520
2013440000000,2301299
2013440000000,2512405
2013440000000,2512424
2013440000000,2342902
2013440000000,2512405
2013440000000,2342902
2013440000000,2558209
2013440000000,2499541
2013440000000,2572024
2013440000000,2008596
2013440000000,2333817
2013440000000,2466500
2013440000000,2466520
2013440000000,2572024
2013440000000,2342902
2013440000000,2428023
2013440000000,2008596
2013440000000,2463525
2013440000000,2463556
2013440000000,2466500
2013440000000,2466520
2013440000000,2008596
2013440000000,2463525
2013440000000,2463556
2013440000000,2466500
2013440000000,2466520
2013440000000,2463556
2013440000000,2427937
2013440000000,2499576
2013440000000,2428051
2013440000000,2539403
2013440000000,2539426
2013440000000,2499558
2013440000000,2472539
2013440000000,2472541
2013440000000,2499561
2013440000000,2428051
2013440000000,2539426
2013440000000,2472539
2013440000000,2472541
2013440000000,2466520
2013440000000,2539424
2013440000000,2539428
2013440000000,2472329
2013440000000,2472391
2013440000000,2033302
2013440000000,2402436
2013440000000,2499553
2013440000000,2462385
2013440000000,2462712
2013440000000,2512677
2013440000000,2512736
2013440000000,2512746
2013440000000,2499548
2013440000000,2551472
2013440000000,2506659
2013440000000,2506661
2013440000000,2506664
2013440000000,2466520
2013440000000,2539424
2013440000000,2539428
2013440000000,2472514
2013440000000,2472516
2013440000000,2428051
2013440000000,2539426
2013440000000,2350127
2013440000000,2450729
2013440000000,2507513
2013440000000,2507575
2013440000000,2558658
2013440000000,2558659
2013440000000,2558661
2013440000000,2558662
2013440000000,2008596
2013440000000,2463525
2013440000000,2463556
2013440000000,2466500
2013440000000,2466520
2013440000000,2499654
2013440000000,2499667
2013440000000,2499561
2013440000000,2344174
2013440000000,2344177
2013440000000,2472430
2013440000000,2008596
2013440000000,2463525
2013440000000,2463556
2013440000000,2466500
2013440000000,2466520
2013440000000,2008596
2013440000000,2463525
2013440000000,2463556
2013440000000,2466500
2013440000000,2466520
2013440000000,2008596
2013440000000,2350127
2013440000000,2450729
2013440000000,2463525
2013440000000,2463556
2013440000000,2466500
2013440000000,2466520
2013440000000,2499567
2013440000000,2427986
2013440000000,2033302
2013440000000,2402436
2013440000000,2499553
2013440000000,2428023
2013440000000,2463556
2013440000000,2499590
2013440000000,2499654
2013440000000,2499667
2013440000000,2428051
2013440000000,2008596
2013440000000,2350127
2013440000000,2463525
2013440000000,2463556
2013440000000,2466500
2013440000000,2427986
2013440000000,2008596
2013440000000,2463525
2013440000000,2466500
2013440000000,2008596
2013440000000,2463525
2013440000000,2463556
2013440000000,2466500
2013440000000,2427937
2013440000000,2008596
2013440000000,2463525
2013440000000,2463556
2013440000000,2466500
2013440000000,2428051
2013440000000,2462385
2013440000000,2294373
2013440000000,2339811
2013440000000,2463556
2013440000000,2463696
2013440000000,2315939
2013440000000,2427986
2013440000000,2428051
2013440000000,2315939
2013440000000,2427937
2013440000000,2008596
2013440000000,2463525
2013440000000,2463556
2013440000000,2466500
2013440000000,2008596
2013440000000,2463525
2013440000000,2466500
2013440000000,2008596
2013440000000,2463525
2013440000000,2463556
2013440000000,2466500
2013440000000,2463556
2013440000000,2008596
2013440000000,2463525
2013440000000,2463556
2013440000000,2466500
2013440000000,2008596
2013440000000,2463525
2013440000000,2463556
2013440000000,2466500
2013440000000,2427937
2013440000000,2472519
2013440000000,2472529
2013440000000,2428051
2013440000000,2428023
2013440000000,2427937
2013440000000,2008596
2013440000000,2463525
2013440000000,2466500
2013440000000,2472532
2013440000000,2428023
2013440000000,2472519
2013440000000,2472529
2013440000000,2472430
2013440000000,2428051
2013440000000,2427986
2013440000000,2008596
2013440000000,2463525
2013440000000,2463556
2013440000000,2466500
2013440000000,2463556
2013440000000,2315939
2013440000000,2008596
2013440000000,2463525
2013440000000,2463556
2013440000000,2466500
2013440000000,2033302
2013440000000,2402436
2013440000000,2008596
2013440000000,2463525
2013440000000,2466500
2013440000000,2428023
2013440000000,2428051
2013440000000,2428051
2013440000000,2008596
2013440000000,2463525
2013440000000,2463556
2013440000000,2466500
2013440000000,2008596
2013440000000,2463525
2013440000000,2463556
2013440000000,2466500
2013440000000,2428051
2013440000000,2008596
2013440000000,2463525
2013440000000,2463556
2013440000000,2466500
2013440000000,2033302
2013440000000,2402436
2013440000000,2428051
2013440000000,2521250
2013440000000,2521250
2013440000000,2008596
2013440000000,2463525
2013440000000,2463556
2013440000000,2466500
2013440000000,2033302
2013440000000,2402436
2013440000000,2339811
2013440000000,2008596
2013440000000,2463525
2013440000000,2463556
2013440000000,2466500
2013440000000,2427937
2013440000000,2048707
2013440000000,2301299
2013440000000,2033302
2013440000000,2402436
2013440000000,2033302
2013440000000,2402436
2013440000000,2428051
2013440000000,2428051
2013440000000,2463556
2013440000000,2008596
2013440000000,2463525
2013440000000,2463556
2013440000000,2466500
2013440000000,2463556
2013440000000,2463556
2013440000000,2008596
2013440000000,2463525
2013440000000,2463556
2013440000000,2466500
2013440000000,2463556
2013440000000,2428023
2013440000000,2428051
2013440000000,2428023
2013440000000,2428051
2013440000000,2428051
2013440000000,2008596
2013440000000,2463525
2013440000000,2463556
2013440000000,2466500
2013440000000,2427937
2013440000000,2008596
2013440000000,2463525
2013440000000,2463556
2013440000000,2466500
2013440000000,2463556
2013450000000,1708535
2013450000000,1940469
2013450000000,1940469
2013450000000,1940469
2013450000000,2240295
2013450000000,2240295
2013450000000,2240295
2013450000000,2428028
2013450000000,1708535
2013450000000,2428028
2013450000000,2428028
2013450000000,783303
2013450000000,1940469
2013450000000,2428028
2013450000000,1940469
2013450000000,2428028
2013450000000,2428028
2013450000000,783303
2013450000000,783303
2013450000000,2240295
2013450000000,783303
2013450000000,1708535
2013450000000,1940469
2013450000000,1940469
2013450000000,2428028
2013450000000,2450436
2013450000000,2450436
2013450000000,783303
2013450000000,2450436
2013450000000,1940469
2013450000000,2240295
2013450000000,2428028
2013450000000,2450436
2013450000000,2450436
2013450000000,2428028
2013450000000,783303
2013450000000,2450436
2013450000000,2450436
2013450000000,1940469
2013450000000,783303
2013450000000,783303
2013450000000,2450436
2013450000000,2450436
2013450000000,2488135
2013450000000,2549813
2013450000000,2450436
2013450000000,2544006
2013450000000,2240295
2013450000000,2542671
2013450000000,2549758
2013450000000,2549813
2013450000000,2450436
2013450000000,2488135
2013450000000,783303
2013450000000,2240295
2013450000000,2555712
2013450000000,2555717
2013450000000,2565246
2013450000000,783303
2013450000000,2571068
2013450000000,2240295
2013450000000,2555712
2013450000000,2555717
2013450000000,2565246
2013450000000,2543942
2013450000000,2544006
2013450000000,2549761
2013450000000,2549769
2013450000000,2543942
2013450000000,2544006
2013450000000,2450436
2013450000000,2549772
2013450000000,2549777
2013450000000,2549758
2013450000000,2549813
2013450000000,2450436
2013450000000,2555712
2013450000000,2555717
2013450000000,2565246
2013450000000,2428028
2013450000000,2557152
2013450000000,2543942
2013450000000,2544006
2013450000000,2541704
2013450000000,2400374
2013450000000,2400445
2013450000000,2555712
2013450000000,2555717
2013450000000,2575465
2013450000000,2576798
2013450000000,1708535
2013450000000,2549761
2013450000000,2549769
2013450000000,2500883
2013450000000,2569589
2013450000000,2555712
2013450000000,2555717
2013450000000,2500883
2013450000000,2547765
2013450000000,2450436
2013450000000,2512282
2013450000000,2500883
2013450000000,2549970
2013450000000,2549970
2013450000000,2575233
2013450000000,2500883
2013450000000,2477921
2013450000000,2430048
2013450000000,2430055
2013450000000,783303
2013450000000,2500883
2013450000000,783303
2013450000000,2430048
2013450000000,2430055
2013450000000,2549772
2013450000000,2549777
2013450000000,2549970
2013450000000,2489326
2013450000000,2575432
2013450000000,2576808
2013450000000,2575432
2013450000000,2576808
2013450000000,2450436
2013450000000,2450436
2013450000000,2545779
2013450000000,2428028
2013450000000,783303
2013450000000,2428028
2013450000000,2489326
2013450000000,2428028
2013450000000,2430048
2013450000000,2430055
2013450000000,2430048
2013450000000,2430055
2013450000000,2430048
2013450000000,2430055
2013450000000,2549970
2013450000000,2500883
2013450000000,1940469
2013450000000,2430055
2013450000000,783303
2013450000000,783303
2013450000000,2430055
2013450000000,1708535
2013450000000,783303
2013450000000,2428028
2013450000000,783303
2013450000000,1940469
2013450000000,783303
2013450000000,2428028
2013450000000,783303
2013450000000,2500883
2013460000000,2549746
2013460000000,2570772
2013460000000,2549751
2013460000000,2549807
2013460000000,2497481
2013460000000,2497526
2013460000000,2497559
2013460000000,2497589
2013460000000,2525563
2013460000000,2497481
2013460000000,2497559
2013460000000,2497589
2013460000000,2573604
2013460000000,2527025
2013460000000,2338082
2013460000000,2529722
2013460000000,2526637
2013460000000,2497481
2013460000000,2497526
2013460000000,2497559
2013460000000,2497589
2013460000000,2525563
2013460000000,2573604
2013460000000,2497481
2013460000000,2497559
2013460000000,2497589
2013460000000,2338082
2013460000000,2529722
2013460000000,2528411
2013460000000,2528411
2013460000000,2339706
2013460000000,2338082
2013460000000,2529722
2013460000000,2527025
2013460000000,2526637
2013460000000,2330602
2013460000000,2528534
2013460000000,2497481
2013460000000,2529542
2013460000000,2528534
2013460000000,2338082
2013460000000,2529722
2013460000000,2339706
2013460000000,2528534
2013460000000,2575063
2013460000000,2338082
2013460000000,2529722
2013460000000,2339706
2013460000000,2575024
2013460000000,2339706
2013460000000,1983466
2013470000000,1148293
2013470000000,1148293
2013470000000,2523995
2013470000000,2559618
2013470000000,2559618
2013470000000,2580472
2013470000000,2580472
2013470000000,2580472
2013470000000,2528156
2013470000000,1652918
2013470000000,1148293
2013470000000,1652918
2013470000000,2336666
2013470000000,2580472
2013470000000,1652918
2013470000000,2580472
2013470000000,1652918
2013470000000,1652918
2013470000000,1652918
2013470000000,1652918
2013470000000,1652918
2013470000000,1652918
201350EL2F020,2172350
201350EP2D008,2172350
201350EP2F021,2172350
2013520000000,2193924
2013520000000,2580475
2013520000000,1847462
2013520000000,1847462
2013520000000,2074645
2013520000000,1856186
2013520000000,2074645
2013520000000,2074645
2013520000000,2074645
2013520000000,1856186
2013520000000,2074645
2013520000000,1847462
2013520000000,1847462
2013520000000,1856186
2013520000000,1856186
2013520000000,2074645
2013520000000,2074645
2013520000000,1955012
2013520000000,1955043
2013520000000,2074645
2013520000000,1847462
2013520000000,1847462
2013520000000,2187753
2013520000000,2434252
2013520000000,2437468
2013520000000,1847462
2013520000000,1847462
2013520000000,2187753
2013520000000,2434252
2013520000000,2437468
2013520000000,2074645
2013520000000,2187753
2013520000000,2434252
2013520000000,2437468
2013520000000,2074645
2013520000000,1847462
2013520000000,2074645
2013520000000,2187753
2013520000000,2434252
2013520000000,2437468
2013520000000,2074645
2013520000000,1847462
2013520000000,2074645
2013520000000,1856186
2013520000000,2074645
2013520000000,1847462
2013520000000,2074645
2013520000000,2074645
2013520000000,1847462
2013520000000,1847462
2013520000000,2074645
2013520000000,2576310
2013520000000,2187753
2013520000000,2434252
2013520000000,2437468
2013520000000,2437490
2013520000000,1955012
2013520000000,1955043
2013520000000,2187753
2013520000000,2434252
2013520000000,2437468
2013520000000,2437490
2013520000000,2187753
2013520000000,2434252
2013520000000,2437468
2013520000000,2437490
2013520000000,2434252
2013520000000,2437468
2013520000000,2437490
2013530000000,2417277
2013553D28989,2296364
2013553D39284,2506580
